1,com
2,net
3,googleapis.com
4,org
5,io
6,ms
7,goog
8,co
9,s3.amazonaws.com
10,us
11,news
12,us-east-1.amazonaws.com
13,tv
14,apple
15,elb.amazonaws.com
16,me
17,map.fastly.net
18,cloud
19,eu
20,cloudapp.net
21,uk
22,gov
23,co.uk
24,ai
25,de
26,cn
27,withgoogle.com
28,app
29,fi
30,jp
31,ru
32,azurewebsites.net
33,gg
34,be
35,mobi
36,dev
37,info
38,global.ssl.fastly.net
39,network
40,link
41,it
42,to
43,xyz
44,appspot.com
45,google
46,cc
47,edu
48,fm
49,cloudfunctions.net
50,pl
51,im
52,tech
53,market
54,rsc.cdn77.org
55,at
56,kr
57,asia
58,co.kr
59,s3-us-west-2.amazonaws.com
60,in
61,ca
62,support
63,media
64,biz
65,co.jp
66,au
67,nl
68,ly
69,arpa
70,com.au
71,jobs
72,fr
73,my
74,site
75,s3.dualstack.us-east-1.amazonaws.com
76,science
77,s3-eu-west-1.amazonaws.com
78,herokuapp.com
79,live
80,gt
81,com.cn
82,elasticbeanstalk.com
83,github.io
84,githubusercontent.com
85,mx
86,id
87,sg
88,s3.us-east-2.amazonaws.com
89,services
90,s3-website-us-east-1.amazonaws.com
91,s3-us-west-1.amazonaws.com
92,es
93,com.mx
94,us-east-1.elasticbeanstalk.com
95,al
96,br
97,pro
98,dyndns.org
99,school
100,vn
